keyword	expected_price_jpy
iPhone ケース スマホ ショルダー	120000
キャビアスキン ボーイシャネル	60000
マトラッセ 財布 小銭入れ	42500
マトラッセ 財布 ゴールド 三つ折り	50000
19長財布 ディズヌフ	73900
キャビアスキン マトラッセ 財布	55000
キャビアスキン 財布 マトラッセ コイン	52000
キャビアスキン 長財布 マトラッセ ラウンド	43000
ボーイシャネル 長財布 キャビアスキン	77800
シャネル 財布 マトラッセ 19	65000
ターンロック マトラッセ チェーンショルダー	340000
ダイアナ マトラッセ チェーンショルダー バッグ	460000
チェーンショルダー シャネル	150000
ボーイシャネル 長財布	50000
マドモアゼル コンパクト 三つ折り	45000
マドモアゼル ラウンド 長財布	64000
マドモアゼル 財布	65000
マトラッセ ウルトラステッチ 長財布	47000
マトラッセ キャビアスキン 長財布	45000
マトラッセ コイン	44000
マトラッセ チェーン ショルダー	208500
マトラッセ 財布	45000
マトラッセ 三つ折り 長財布	51000
ラムスキン ポーチ マトラッセ	51000
ワイルドステッチ マトラッセ バッグ	160000
財布 Wホック マトラッセ コンパクト	45000
財布 キャビアスキン コイン カメリア	52000
財布 キャビアスキン コンパクト	55000
財布 キャビアスキン フィリグリー	73000
財布 キャビアスキン ボーイシャネル コインケース	63000
財布 キャビアスキン ボーイシャネル	63000
財布 キャビアスキン ボーイシャネル スモールウォレット	65000
財布 キャビアスキン マトラッセ	67000
財布 キャビアスキン マトラッセ コイン	43900
財布 キャビアスキン マトラッセ 三つ折り	60000
財布 コインケース マトラッセ コンパクト	42800
財布 コンパクト マトラッセ	47300
財布 コンパクト マトラッセ 三つ折り	47000
財布 ボーイシャネル コンパクト 三つ折り	56000
財布 マトラッセ L字ファスナー コイン	39000
財布 マトラッセ Wホック コンパクトウォレット	44000
財布 マトラッセ キャビアスキン コンパクト	56900
財布 マトラッセ コイン	41000
財布 マトラッセ コンパクト ラムスキン	47000
財布 マトラッセ ラムスキン 三つ折り	55000
長財布 19ディズヌフ	73000
長財布 キャビアスキン カメリア エンボス	60000
長財布 キャビアスキン ココロック	82000
長財布 キャビアスキン マトラッセ Vステッチ	44300
長財布 キャビアスキン マトラッセ フラップ	74000
長財布 キャビアスキン マトラッセ マグネット	80000
長財布 キャビアスキン マトラッセ ラウンド 近年モデル	73000
長財布 キャビアスキン ラウンド マトラッセ	45000
長財布 キャビアスキン マトラッセ	47000
長財布 タイムレス マトラッセ キャビアスキン	45000
長財布 タイムレスクラシック キャビアスキン マトラッセ	70000
長財布 ボーイシャネル ラウンド	68000
長財布 ボーイシャネル マトラッセ ラムスキン	65000
長財布 マトラッセ	45000
長財布 マトラッセ キャビアスキン フラップ	77800
長財布 マトラッセ ターンロック	54000
長財布 マトラッセ ラムスキン ターンロック	55000
長財布 マトラッセ ラムスキン ラウンド	40000
長財布 マトラッセ フラップ	43200
長財布 カメリア	44000
シヤネル マトラッセ 財布	50000
シャネル マトラセ 財布	40000
シヤネル キヤビアスキン	60000
シャネル ラムスキン ウオレット	45000
チェンウォレット	200000
チェーンウオレット	180000
チェンバック	160000
ラウンドファスナ	40000
ランドファスナー	39000
フラプ	38000
ふたつおり	45000
みつおり	50000
2つ折り	44000
3つ折り	52000
コンパクトウオレット	48000
チャネル	40000
